{
  "data": {
    "agustn ramrez": {
      "name": "Agustín Ramírez",
      "framingRuns": 0.5196072976019839,
      "framingRunsPerGame": 0.013943841607107101,
      "shadowStrikePct": 0.44136566056407717,
      "pitches": 5217
    },
    "bo naylor": {
      "name": "Bo Naylor",
      "framingRuns": -2.7334849312724123,
      "framingRunsPerGame": -0.04549850081775505,
      "shadowStrikePct": 0.4201430274135876,
      "pitches": 8411
    },
    "hunter goodman": {
      "name": "Hunter Goodman",
      "framingRuns": 1.5022261437850712,
      "framingRunsPerGame": 0.028439710632847868,
      "shadowStrikePct": 0.43481300244669696,
      "pitches": 7395
    },
    "liam hicks": {
      "name": "Liam Hicks",
      "framingRuns": 0.46508170300157287,
      "framingRunsPerGame": 0.016824661090496178,
      "shadowStrikePct": 0.4122085048010974,
      "pitches": 3870
    },
    "carson kelly": {
      "name": "Carson Kelly",
      "framingRuns": -1.920518092585532,
      "framingRunsPerGame": -0.039844773705094025,
      "shadowStrikePct": 0.4190268700072622,
      "pitches": 6748
    },
    "edgar quero": {
      "name": "Edgar Quero",
      "framingRuns": -12.926515569632008,
      "framingRunsPerGame": -0.36390753664759323,
      "shadowStrikePct": 0.37166324435318276,
      "pitches": 4973
    },
    "danny jansen": {
      "name": "Danny Jansen",
      "framingRuns": -8.406429994738975,
      "framingRunsPerGame": -0.19644470026096753,
      "shadowStrikePct": 0.39135959339263027,
      "pitches": 5991
    },
    "drake baldwin": {
      "name": "Drake Baldwin",
      "framingRuns": -1.029218322933933,
      "framingRunsPerGame": -0.02242305714453013,
      "shadowStrikePct": 0.41632983023443815,
      "pitches": 6426
    },
    "mitch garver": {
      "name": "Mitch Garver",
      "framingRuns": -2.1898908722400883,
      "framingRunsPerGame": -0.10305368810541592,
      "shadowStrikePct": 0.3898886032562125,
      "pitches": 2975
    },
    "freddy fermin": {
      "name": "Freddy Fermin",
      "framingRuns": -0.5678886432720138,
      "framingRunsPerGame": -0.011734968274255636,
      "shadowStrikePct": 0.43587842846553004,
      "pitches": 6775
    },
    "christian vzquez": {
      "name": "Christian Vázquez",
      "framingRuns": -2.8393762351345986,
      "framingRunsPerGame": -0.09401908063359599,
      "shadowStrikePct": 0.41081081081081083,
      "pitches": 4228
    },
    "joey bart": {
      "name": "Joey Bart",
      "framingRuns": -1.8253113177826765,
      "framingRunsPerGame": -0.04380997505393018,
      "shadowStrikePct": 0.4117896522476675,
      "pitches": 5833
    },
    "francisco alvarez": {
      "name": "Francisco Alvarez",
      "framingRuns": -4.816233452801193,
      "framingRunsPerGame": -0.12714928972132136,
      "shadowStrikePct": 0.4090019569471624,
      "pitches": 5303
    },
    "kyle higashioka": {
      "name": "Kyle Higashioka",
      "framingRuns": 3.008353548378773,
      "framingRunsPerGame": 0.08874199257754493,
      "shadowStrikePct": 0.4309278350515464,
      "pitches": 4746
    },
    "jacob stallings": {
      "name": "Jacob Stallings",
      "framingRuns": -2.123033824120615,
      "framingRunsPerGame": -0.10963656782622135,
      "shadowStrikePct": 0.4213006597549482,
      "pitches": 2711
    },
    "james mccann": {
      "name": "James McCann",
      "framingRuns": -1.797162661608691,
      "framingRunsPerGame": -0.09866775397067323,
      "shadowStrikePct": 0.4148430066603235,
      "pitches": 2550
    },
    "austin wells": {
      "name": "Austin Wells",
      "framingRuns": 11.873298785617935,
      "framingRunsPerGame": 0.19181419685974047,
      "shadowStrikePct": 0.44587706146926537,
      "pitches": 8666
    },
    "elias daz": {
      "name": "Elias Díaz",
      "framingRuns": 1.2753282065052522,
      "framingRunsPerGame": 0.031849081147116536,
      "shadowStrikePct": 0.41271989174560214,
      "pitches": 5606
    },
    "jose herrera": {
      "name": "Jose Herrera",
      "framingRuns": -0.4676220338874564,
      "framingRunsPerGame": -0.015451282686864265,
      "shadowStrikePct": 0.4095873786407767,
      "pitches": 4237
    },
    "nick fortes": {
      "name": "Nick Fortes",
      "framingRuns": 2.3135367334999977,
      "framingRunsPerGame": 0.06519628476046692,
      "shadowStrikePct": 0.43904906423874557,
      "pitches": 4968
    },
    "kyle teel": {
      "name": "Kyle Teel",
      "framingRuns": -0.35936427914855834,
      "framingRunsPerGame": -0.010918185564409325,
      "shadowStrikePct": 0.40011068068622024,
      "pitches": 4608
    },
    "salvador perez": {
      "name": "Salvador Perez",
      "framingRuns": -6.597048348442638,
      "framingRunsPerGame": -0.13968341935601472,
      "shadowStrikePct": 0.39727065959059893,
      "pitches": 6612
    },
    "yainer diaz": {
      "name": "Yainer Diaz",
      "framingRuns": -3.453704807775355,
      "framingRunsPerGame": -0.05798976650138519,
      "shadowStrikePct": 0.4131020041878552,
      "pitches": 8338
    },
    "jake rogers": {
      "name": "Jake Rogers",
      "framingRuns": 0.9238466768106359,
      "framingRunsPerGame": 0.04581598822298584,
      "shadowStrikePct": 0.4143897996357013,
      "pitches": 2823
    },
    "riley adams": {
      "name": "Riley Adams",
      "framingRuns": -8.692919482683799,
      "framingRunsPerGame": -0.21486736009458543,
      "shadowStrikePct": 0.387221269296741,
      "pitches": 5664
    },
    "dillon dingler": {
      "name": "Dillon Dingler",
      "framingRuns": 6.668246527101859,
      "framingRunsPerGame": 0.10940519322562524,
      "shadowStrikePct": 0.4460624071322437,
      "pitches": 8533
    },
    "jt realmuto": {
      "name": "J.T. Realmuto",
      "framingRuns": -8.37123823143921,
      "framingRunsPerGame": -0.12064786415498142,
      "shadowStrikePct": 0.4090454772613693,
      "pitches": 9714
    },
    "victor caratini": {
      "name": "Victor Caratini",
      "framingRuns": -1.7435296043531086,
      "framingRunsPerGame": -0.06495320505839149,
      "shadowStrikePct": 0.40421329822251484,
      "pitches": 3758
    },
    "alejandro kirk": {
      "name": "Alejandro Kirk",
      "framingRuns": 16.630482933736744,
      "framingRunsPerGame": 0.2739460655045469,
      "shadowStrikePct": 0.47104128157732594,
      "pitches": 8499
    },
    "gabriel moreno": {
      "name": "Gabriel Moreno",
      "framingRuns": 6.390166646898932,
      "framingRunsPerGame": 0.16567098714182418,
      "shadowStrikePct": 0.4449737970462125,
      "pitches": 5400
    },
    "ben rortvedt": {
      "name": "Ben Rortvedt",
      "framingRuns": 0.5860663979849474,
      "framingRunsPerGame": 0.029492917224260475,
      "shadowStrikePct": 0.40504050405040504,
      "pitches": 2782
    },
    "jose trevino": {
      "name": "Jose Trevino",
      "framingRuns": 1.534726357859384,
      "framingRunsPerGame": 0.03427914647420449,
      "shadowStrikePct": 0.4187192118226601,
      "pitches": 6268
    },
    "logan ohoppe": {
      "name": "Logan O'Hoppe",
      "framingRuns": -8.199996653344112,
      "framingRunsPerGame": -0.14920711352588714,
      "shadowStrikePct": 0.4,
      "pitches": 7694
    },
    "william contreras": {
      "name": "William Contreras",
      "framingRuns": 0.9493817914241395,
      "framingRunsPerGame": 0.01385814313412361,
      "shadowStrikePct": 0.43696829079659705,
      "pitches": 9591
    },
    "matt thaiss": {
      "name": "Matt Thaiss",
      "framingRuns": -3.5889449510396907,
      "framingRunsPerGame": -0.14721719693687568,
      "shadowStrikePct": 0.3837920489296636,
      "pitches": 3413
    },
    "dalton rushing": {
      "name": "Dalton Rushing",
      "framingRuns": -3.0631289307866907,
      "framingRunsPerGame": -0.16121731214666793,
      "shadowStrikePct": 0.3972055888223553,
      "pitches": 2660
    },
    "sean murphy": {
      "name": "Sean Murphy",
      "framingRuns": 1.6310436181190646,