{
  "data": {
    "alejandro kirk": {
      "name": "Alejandro Kirk",
      "framingRuns": 16.630482933736744,
      "framingRunsPerGame": 0.2739460655045469,
      "shadowStrikePct": 0.47104128157732594,
      "pitches": 8499
    },
    "bo naylor": {
      "name": "Bo Naylor",
      "framingRuns": -2.7334849312724154,
      "framingRunsPerGame": -0.045498500817755104,
      "shadowStrikePct": 0.4201430274135876,
      "pitches": 8411
    },
    "dillon dingler": {
      "name": "Dillon Dingler",
      "framingRuns": 6.668246527101856,
      "framingRunsPerGame": 0.1094051932256252,
      "shadowStrikePct": 0.4460624071322437,
      "pitches": 8533
    },
    "keibert ruiz": {
      "name": "Keibert Ruiz",
      "framingRuns": -8.70023642177239,
      "framingRunsPerGame": -0.24646562101338215,
      "shadowStrikePct": 0.38232373386295926,
      "pitches": 4942
    },
    "travis darnaud": {
      "name": "Travis d'Arnaud",
      "framingRuns": -3.3763383979285364,
      "framingRunsPerGame": -0.11656901990382122,
      "shadowStrikePct": 0.3990208078335373,
      "pitches": 4055
    },
    "gabriel moreno": {
      "name": "Gabriel Moreno",
      "framingRuns": 6.390166646898931,
      "framingRunsPerGame": 0.16567098714182413,
      "shadowStrikePct": 0.4449737970462125,
      "pitches": 5400
    },
    "luis torrens": {
      "name": "Luis Torrens",
      "framingRuns": 3.8198979728679796,
      "framingRunsPerGame": 0.09568540279146845,
      "shadowStrikePct": 0.4226190476190476,
      "pitches": 5589
    },
    "cal raleigh": {
      "name": "Cal Raleigh",
      "framingRuns": 7.025735412960608,
      "framingRunsPerGame": 0.11181118083602194,
      "shadowStrikePct": 0.43660740308947826,
      "pitches": 8797
    },
    "christian vzquez": {
      "name": "Christian Vázquez",
      "framingRuns": -2.8393762351345972,
      "framingRunsPerGame": -0.09401908063359594,
      "shadowStrikePct": 0.41081081081081083,
      "pitches": 4228
    },
    "martn maldonado": {
      "name": "Martín Maldonado",
      "framingRuns": -0.3337673482398462,
      "framingRunsPerGame": -0.012760084312828638,
      "shadowStrikePct": 0.41239316239316237,
      "pitches": 3662
    },
    "henry davis": {
      "name": "Henry Davis",
      "framingRuns": -1.734362497366715,
      "framingRunsPerGame": -0.04479076731808525,
      "shadowStrikePct": 0.4092153284671533,
      "pitches": 5421
    },
    "elias daz": {
      "name": "Elias Díaz",
      "framingRuns": 1.2753282065052527,
      "framingRunsPerGame": 0.03184908114711655,
      "shadowStrikePct": 0.41271989174560214,
      "pitches": 5606
    },
    "james mccann": {
      "name": "James McCann",
      "framingRuns": -1.797162661608692,
      "framingRunsPerGame": -0.09866775397067327,
      "shadowStrikePct": 0.4148430066603235,
      "pitches": 2550
    },
    "matt thaiss": {
      "name": "Matt Thaiss",
      "framingRuns": -3.588944951039689,
      "framingRunsPerGame": -0.1472171969368756,
      "shadowStrikePct": 0.3837920489296636,
      "pitches": 3413
    },
    "freddy fermin": {
      "name": "Freddy Fermin",
      "framingRuns": -0.5678886432720147,
      "framingRunsPerGame": -0.011734968274255653,
      "shadowStrikePct": 0.43587842846553004,
      "pitches": 6775
    },
    "jose trevino": {
      "name": "Jose Trevino",
      "framingRuns": 1.5347263578593857,
      "framingRunsPerGame": 0.03427914647420453,
      "shadowStrikePct": 0.4187192118226601,
      "pitches": 6268
    },
    "hunter goodman": {
      "name": "Hunter Goodman",
      "framingRuns": 1.502226143785074,
      "framingRunsPerGame": 0.02843971063284792,
      "shadowStrikePct": 0.43481300244669696,
      "pitches": 7395
    },
    "francisco alvarez": {
      "name": "Francisco Alvarez",
      "framingRuns": -4.816233452801195,
      "framingRunsPerGame": -0.1271492897213214,
      "shadowStrikePct": 0.4090019569471624,
      "pitches": 5303
    },
    "kyle teel": {
      "name": "Kyle Teel",
      "framingRuns": -0.3593642791485551,
      "framingRunsPerGame": -0.010918185564409228,
      "shadowStrikePct": 0.40011068068622024,
      "pitches": 4608
    },
    "ryan jeffers": {
      "name": "Ryan Jeffers",
      "framingRuns": -1.0686449258680089,
      "framingRunsPerGame": -0.02555693365587995,
      "shadowStrikePct": 0.4182282793867121,
      "pitches": 5854
    },
    "dalton rushing": {
      "name": "Dalton Rushing",
      "framingRuns": -3.063128930786692,
      "framingRunsPerGame": -0.161217312146668,
      "shadowStrikePct": 0.3972055888223553,
      "pitches": 2660
    },
    "sean murphy": {
      "name": "Sean Murphy",
      "framingRuns": 1.6310436181190637,
      "framingRunsPerGame": 0.040415240094985656,
      "shadowStrikePct": 0.4333627537511033,
      "pitches": 5650
    },
    "salvador perez": {
      "name": "Salvador Perez",
      "framingRuns": -6.597048348442636,
      "framingRunsPerGame": -0.13968341935601467,
      "shadowStrikePct": 0.39727065959059893,
      "pitches": 6612
    },
    "pedro pags": {
      "name": "Pedro Pagés",
      "framingRuns": 4.950101565350893,
      "framingRunsPerGame": 0.09015405478718942,
      "shadowStrikePct": 0.4466754443712969,
      "pitches": 7687
    },
    "victor caratini": {
      "name": "Victor Caratini",
      "framingRuns": -1.7435296043531079,
      "framingRunsPerGame": -0.06495320505839146,
      "shadowStrikePct": 0.40421329822251484,
      "pitches": 3758
    },
    "shea langeliers": {
      "name": "Shea Langeliers",
      "framingRuns": -2.862356306503384,
      "framingRunsPerGame": -0.04650457037373492,
      "shadowStrikePct": 0.4040741866828823,
      "pitches": 8617
    },
    "jacob stallings": {
      "name": "Jacob Stallings",
      "framingRuns": -2.1230338241206157,
      "framingRunsPerGame": -0.1096365678262214,
      "shadowStrikePct": 0.4213006597549482,
      "pitches": 2711
    },
    "william contreras": {
      "name": "William Contreras",
      "framingRuns": 0.9493817914241472,
      "framingRunsPerGame": 0.013858143134123722,
      "shadowStrikePct": 0.43696829079659705,
      "pitches": 9591
    },
    "nick fortes": {
      "name": "Nick Fortes",
      "framingRuns": 2.3135367334999977,
      "framingRunsPerGame": 0.06519628476046692,
      "shadowStrikePct": 0.43904906423874557,
      "pitches": 4968
    },
    "joey bart": {
      "name": "Joey Bart",
      "framingRuns": -1.8253113177826772,
      "framingRunsPerGame": -0.043809975053930195,
      "shadowStrikePct": 0.4117896522476675,
      "pitches": 5833
    },
    "kyle higashioka": {
      "name": "Kyle Higashioka",
      "framingRuns": 3.008353548378776,
      "framingRunsPerGame": 0.08874199257754503,
      "shadowStrikePct": 0.4309278350515464,
      "pitches": 4746
    },
    "austin hedges": {
      "name": "Austin Hedges",
      "framingRuns": 10.620270639671734,
      "framingRunsPerGame": 0.3673926092300575,
      "shadowStrikePct": 0.48589341692789967,
      "pitches": 4047
    },
    "will smith": {
      "name": "Will Smith",
      "framingRuns": -9.790228212200486,
      "framingRunsPerGame": -0.1798493570014523,
      "shadowStrikePct": 0.39792849983294354,
      "pitches": 7621
    },
    "carlos narvez": {
      "name": "Carlos Narváez",
      "framingRuns": 4.9776715681574855,
      "framingRunsPerGame": 0.08854816004346226,
      "shadowStrikePct": 0.4295259306395164,
      "pitches": 7870
    },
    "edgar quero": {
      "name": "Edgar Quero",
      "framingRuns": -12.926515569632006,
      "framingRunsPerGame": -0.3639075366475932,
      "shadowStrikePct": 0.37166324435318276,
      "pitches": 4973
    },
    "carson kelly": {
      "name": "Carson Kelly",
      "framingRuns": -1.9205180925855343,
      "framingRunsPerGame": -0.03984477370509407,
      "shadowStrikePct": 0.4190268700072622,
      "pitches": 6748
    },
    "logan ohoppe": {
      "name": "Logan O'Hoppe",
      "framingRuns": -8.199996653344115,